"Primary Type","yearmo","count","year","month"
"ASSAULT",Jan 2007,1722,2007,"Jan"
"BURGLARY",Jan 2007,1843,2007,"Jan"
"CRIMINAL TRESPASS",Jan 2007,1301,2007,"Jan"
"MOTOR VEHICLE THEFT",Jan 2007,1557,2007,"Jan"
"NARCOTICS",Jan 2007,4899,2007,"Jan"
"ROBBERY",Jan 2007,1128,2007,"Jan"
"ASSAULT",Feb 2007,1554,2007,"Feb"
"BURGLARY",Feb 2007,1335,2007,"Feb"
"CRIMINAL TRESPASS",Feb 2007,986,2007,"Feb"
"MOTOR VEHICLE THEFT",Feb 2007,1315,2007,"Feb"
"NARCOTICS",Feb 2007,4248,2007,"Feb"
"ROBBERY",Feb 2007,778,2007,"Feb"
"ASSAULT",Mar 2007,2297,2007,"Mar"
"BURGLARY",Mar 2007,1757,2007,"Mar"
"CRIMINAL TRESPASS",Mar 2007,1175,2007,"Mar"
"MOTOR VEHICLE THEFT",Mar 2007,1483,2007,"Mar"
"NARCOTICS",Mar 2007,4905,2007,"Mar"
"ROBBERY",Mar 2007,1065,2007,"Mar"
"ASSAULT",Apr 2007,2145,2007,"Apr"
"BURGLARY",Apr 2007,1866,2007,"Apr"
"CRIMINAL TRESPASS",Apr 2007,1115,2007,"Apr"
"MOTOR VEHICLE THEFT",Apr 2007,1463,2007,"Apr"
"NARCOTICS",Apr 2007,4656,2007,"Apr"
"ROBBERY",Apr 2007,1149,2007,"Apr"
"ASSAULT",May 2007,2732,2007,"May"
"BURGLARY",May 2007,2230,2007,"May"
"CRIMINAL TRESPASS",May 2007,1297,2007,"May"
"MOTOR VEHICLE THEFT",May 2007,1599,2007,"May"
"NARCOTICS",May 2007,4558,2007,"May"
"ROBBERY",May 2007,1345,2007,"May"
"ASSAULT",Jun 2007,2416,2007,"Jun"
"BURGLARY",Jun 2007,2174,2007,"Jun"
"CRIMINAL TRESPASS",Jun 2007,1122,2007,"Jun"
"MOTOR VEHICLE THEFT",Jun 2007,1636,2007,"Jun"
"NARCOTICS",Jun 2007,4472,2007,"Jun"
"ROBBERY",Jun 2007,1365,2007,"Jun"
"ASSAULT",Jul 2007,2566,2007,"Jul"
"BURGLARY",Jul 2007,2267,2007,"Jul"
"CRIMINAL TRESPASS",Jul 2007,1193,2007,"Jul"
"MOTOR VEHICLE THEFT",Jul 2007,1611,2007,"Jul"
"NARCOTICS",Jul 2007,4805,2007,"Jul"
"ROBBERY",Jul 2007,1498,2007,"Jul"
"ASSAULT",Aug 2007,2361,2007,"Aug"
"BURGLARY",Aug 2007,2377,2007,"Aug"
"CRIMINAL TRESPASS",Aug 2007,1258,2007,"Aug"
"MOTOR VEHICLE THEFT",Aug 2007,1655,2007,"Aug"
"NARCOTICS",Aug 2007,4765,2007,"Aug"
"ROBBERY",Aug 2007,1419,2007,"Aug"
"ASSAULT",Sep 2007,2452,2007,"Sep"
"BURGLARY",Sep 2007,2248,2007,"Sep"
"CRIMINAL TRESPASS",Sep 2007,1111,2007,"Sep"
"MOTOR VEHICLE THEFT",Sep 2007,1531,2007,"Sep"
"NARCOTICS",Sep 2007,4604,2007,"Sep"
"ROBBERY",Sep 2007,1384,2007,"Sep"
"ASSAULT",Oct 2007,2421,2007,"Oct"
"BURGLARY",Oct 2007,2385,2007,"Oct"
"CRIMINAL TRESPASS",Oct 2007,1179,2007,"Oct"
"MOTOR VEHICLE THEFT",Oct 2007,1708,2007,"Oct"
"NARCOTICS",Oct 2007,4475,2007,"Oct"
"ROBBERY",Oct 2007,1433,2007,"Oct"
"ASSAULT",Nov 2007,1898,2007,"Nov"
"BURGLARY",Nov 2007,2321,2007,"Nov"
"CRIMINAL TRESPASS",Nov 2007,982,2007,"Nov"
"MOTOR VEHICLE THEFT",Nov 2007,1441,2007,"Nov"
"NARCOTICS",Nov 2007,4285,2007,"Nov"
"ROBBERY",Nov 2007,1485,2007,"Nov"
"ASSAULT",Dec 2007,1742,2007,"Dec"
"BURGLARY",Dec 2007,2035,2007,"Dec"
"CRIMINAL TRESPASS",Dec 2007,971,2007,"Dec"
"MOTOR VEHICLE THEFT",Dec 2007,1554,2007,"Dec"
"NARCOTICS",Dec 2007,3740,2007,"Dec"
"ROBBERY",Dec 2007,1396,2007,"Dec"
"ASSAULT",Jan 2008,1754,2008,"Jan"
"BURGLARY",Jan 2008,1893,2008,"Jan"
"CRIMINAL TRESPASS",Jan 2008,1082,2008,"Jan"
"MOTOR VEHICLE THEFT",Jan 2008,1465,2008,"Jan"
"NARCOTICS",Jan 2008,4057,2008,"Jan"
"ROBBERY",Jan 2008,1267,2008,"Jan"
"ASSAULT",Feb 2008,1733,2008,"Feb"
"BURGLARY",Feb 2008,1536,2008,"Feb"
"CRIMINAL TRESPASS",Feb 2008,893,2008,"Feb"
"MOTOR VEHICLE THEFT",Feb 2008,1233,2008,"Feb"
"NARCOTICS",Feb 2008,3764,2008,"Feb"
"ROBBERY",Feb 2008,950,2008,"Feb"
"ASSAULT",Mar 2008,2038,2008,"Mar"
"BURGLARY",Mar 2008,1749,2008,"Mar"
"CRIMINAL TRESPASS",Mar 2008,986,2008,"Mar"
"MOTOR VEHICLE THEFT",Mar 2008,1658,2008,"Mar"
"NARCOTICS",Mar 2008,3962,2008,"Mar"
"ROBBERY",Mar 2008,1229,2008,"Mar"
"ASSAULT",Apr 2008,2431,2008,"Apr"
"BURGLARY",Apr 2008,1907,2008,"Apr"
"CRIMINAL TRESPASS",Apr 2008,1052,2008,"Apr"
"MOTOR VEHICLE THEFT",Apr 2008,1442,2008,"Apr"
"NARCOTICS",Apr 2008,3527,2008,"Apr"
"ROBBERY",Apr 2008,1211,2008,"Apr"
"ASSAULT",May 2008,2494,2008,"May"
"BURGLARY",May 2008,2243,2008,"May"
"CRIMINAL TRESPASS",May 2008,994,2008,"May"
"MOTOR VEHICLE THEFT",May 2008,1541,2008,"May"
"NARCOTICS",May 2008,3699,2008,"May"
"ROBBERY",May 2008,1359,2008,"May"
"ASSAULT",Jun 2008,2425,2008,"Jun"
"BURGLARY",Jun 2008,2147,2008,"Jun"
"CRIMINAL TRESPASS",Jun 2008,930,2008,"Jun"
"MOTOR VEHICLE THEFT",Jun 2008,1645,2008,"Jun"
"NARCOTICS",Jun 2008,3464,2008,"Jun"
"ROBBERY",Jun 2008,1332,2008,"Jun"
"ASSAULT",Jul 2008,2408,2008,"Jul"
"BURGLARY",Jul 2008,2561,2008,"Jul"
"CRIMINAL TRESPASS",Jul 2008,1087,2008,"Jul"
"MOTOR VEHICLE THEFT",Jul 2008,1991,2008,"Jul"
"NARCOTICS",Jul 2008,3850,2008,"Jul"
"ROBBERY",Jul 2008,1477,2008,"Jul"
"ASSAULT",Aug 2008,2384,2008,"Aug"
"BURGLARY",Aug 2008,2372,2008,"Aug"
"CRIMINAL TRESPASS",Aug 2008,1103,2008,"Aug"
"MOTOR VEHICLE THEFT",Aug 2008,1921,2008,"Aug"
"NARCOTICS",Aug 2008,4322,2008,"Aug"
"ROBBERY",Aug 2008,1550,2008,"Aug"
"ASSAULT",Sep 2008,2250,2008,"Sep"
"BURGLARY",Sep 2008,2455,2008,"Sep"
"CRIMINAL TRESPASS",Sep 2008,1079,2008,"Sep"
"MOTOR VEHICLE THEFT",Sep 2008,1658,2008,"Sep"
"NARCOTICS",Sep 2008,3761,2008,"Sep"
"ROBBERY",Sep 2008,1617,2008,"Sep"
"ASSAULT",Oct 2008,2128,2008,"Oct"
"BURGLARY",Oct 2008,2611,2008,"Oct"
"CRIMINAL TRESPASS",Oct 2008,1160,2008,"Oct"
"MOTOR VEHICLE THEFT",Oct 2008,1471,2008,"Oct"
"NARCOTICS",Oct 2008,3888,2008,"Oct"
"ROBBERY",Oct 2008,1698,2008,"Oct"
"ASSAULT",Nov 2008,1714,2008,"Nov"
"BURGLARY",Nov 2008,2314,2008,"Nov"
"CRIMINAL TRESPASS",Nov 2008,994,2008,"Nov"
"MOTOR VEHICLE THEFT",Nov 2008,1287,2008,"Nov"
"NARCOTICS",Nov 2008,3738,2008,"Nov"
"ROBBERY",Nov 2008,1492,2008,"Nov"
"ASSAULT",Dec 2008,1514,2008,"Dec"
"BURGLARY",Dec 2008,2224,2008,"Dec"
"CRIMINAL TRESPASS",Dec 2008,861,2008,"Dec"
"MOTOR VEHICLE THEFT",Dec 2008,1314,2008,"Dec"
"NARCOTICS",Dec 2008,3033,2008,"Dec"
"ROBBERY",Dec 2008,1408,2008,"Dec"
"ASSAULT",Jan 2009,1677,2009,"Jan"
"BURGLARY",Jan 2009,1766,2009,"Jan"
"CRIMINAL TRESPASS",Jan 2009,972,2009,"Jan"
"MOTOR VEHICLE THEFT",Jan 2009,1220,2009,"Jan"
"NARCOTICS",Jan 2009,3681,2009,"Jan"
"ROBBERY",Jan 2009,1274,2009,"Jan"
"ASSAULT",Feb 2009,1634,2009,"Feb"
"BURGLARY",Feb 2009,1540,2009,"Feb"
"CRIMINAL TRESPASS",Feb 2009,816,2009,"Feb"
"MOTOR VEHICLE THEFT",Feb 2009,1112,2009,"Feb"
"NARCOTICS",Feb 2009,3539,2009,"Feb"
"ROBBERY",Feb 2009,973,2009,"Feb"
"ASSAULT",Mar 2009,2029,2009,"Mar"
"BURGLARY",Mar 2009,1894,2009,"Mar"
"CRIMINAL TRESPASS",Mar 2009,1036,2009,"Mar"
"MOTOR VEHICLE THEFT",Mar 2009,1201,2009,"Mar"
"NARCOTICS",Mar 2009,3794,2009,"Mar"
"ROBBERY",Mar 2009,1184,2009,"Mar"
"ASSAULT",Apr 2009,2022,2009,"Apr"
"BURGLARY",Apr 2009,2046,2009,"Apr"
"CRIMINAL TRESPASS",Apr 2009,961,2009,"Apr"
"MOTOR VEHICLE THEFT",Apr 2009,1120,2009,"Apr"
"NARCOTICS",Apr 2009,3499,2009,"Apr"
"ROBBERY",Apr 2009,1192,2009,"Apr"
"ASSAULT",May 2009,2215,2009,"May"
"BURGLARY",May 2009,2186,2009,"May"
"CRIMINAL TRESPASS",May 2009,1001,2009,"May"
"MOTOR VEHICLE THEFT",May 2009,1153,2009,"May"
"NARCOTICS",May 2009,3562,2009,"May"
"ROBBERY",May 2009,1402,2009,"May"
"ASSAULT",Jun 2009,2100,2009,"Jun"
"BURGLARY",Jun 2009,2317,2009,"Jun"
"CRIMINAL TRESPASS",Jun 2009,878,2009,"Jun"
"MOTOR VEHICLE THEFT",Jun 2009,1205,2009,"Jun"
"NARCOTICS",Jun 2009,3382,2009,"Jun"
"ROBBERY",Jun 2009,1380,2009,"Jun"
"ASSAULT",Jul 2009,2081,2009,"Jul"
"BURGLARY",Jul 2009,2487,2009,"Jul"
"CRIMINAL TRESPASS",Jul 2009,874,2009,"Jul"
"MOTOR VEHICLE THEFT",Jul 2009,1316,2009,"Jul"
"NARCOTICS",Jul 2009,3408,2009,"Jul"
"ROBBERY",Jul 2009,1598,2009,"Jul"
"ASSAULT",Aug 2009,2016,2009,"Aug"
"BURGLARY",Aug 2009,2630,2009,"Aug"
"CRIMINAL TRESPASS",Aug 2009,877,2009,"Aug"
"MOTOR VEHICLE THEFT",Aug 2009,1319,2009,"Aug"
"NARCOTICS",Aug 2009,3703,2009,"Aug"
"ROBBERY",Aug 2009,1473,2009,"Aug"
"ASSAULT",Sep 2009,1999,2009,"Sep"
"BURGLARY",Sep 2009,2505,2009,"Sep"
"CRIMINAL TRESPASS",Sep 2009,868,2009,"Sep"
"MOTOR VEHICLE THEFT",Sep 2009,1324,2009,"Sep"
"NARCOTICS",Sep 2009,3602,2009,"Sep"
"ROBBERY",Sep 2009,1344,2009,"Sep"
"ASSAULT",Oct 2009,1767,2009,"Oct"
"BURGLARY",Oct 2009,2435,2009,"Oct"
"CRIMINAL TRESPASS",Oct 2009,866,2009,"Oct"
"MOTOR VEHICLE THEFT",Oct 2009,1407,2009,"Oct"
"NARCOTICS",Oct 2009,3505,2009,"Oct"
"ROBBERY",Oct 2009,1366,2009,"Oct"
"ASSAULT",Nov 2009,1632,2009,"Nov"
"BURGLARY",Nov 2009,2380,2009,"Nov"
"CRIMINAL TRESPASS",Nov 2009,836,2009,"Nov"
"MOTOR VEHICLE THEFT",Nov 2009,1406,2009,"Nov"
"NARCOTICS",Nov 2009,3470,2009,"Nov"
"ROBBERY",Nov 2009,1338,2009,"Nov"
"ASSAULT",Dec 2009,1444,2009,"Dec"
"BURGLARY",Dec 2009,2309,2009,"Dec"
"CRIMINAL TRESPASS",Dec 2009,762,2009,"Dec"
"MOTOR VEHICLE THEFT",Dec 2009,1530,2009,"Dec"
"NARCOTICS",Dec 2009,3013,2009,"Dec"
"ROBBERY",Dec 2009,1324,2009,"Dec"
"ASSAULT",Jan 2010,1485,2010,"Jan"
"BURGLARY",Jan 2010,1956,2010,"Jan"
"CRIMINAL TRESPASS",Jan 2010,925,2010,"Jan"
"MOTOR VEHICLE THEFT",Jan 2010,1510,2010,"Jan"
"NARCOTICS",Jan 2010,3813,2010,"Jan"
"ROBBERY",Jan 2010,1218,2010,"Jan"
"ASSAULT",Feb 2010,1435,2010,"Feb"
"BURGLARY",Feb 2010,1479,2010,"Feb"
"CRIMINAL TRESPASS",Feb 2010,759,2010,"Feb"
"MOTOR VEHICLE THEFT",Feb 2010,1077,2010,"Feb"
"NARCOTICS",Feb 2010,3978,2010,"Feb"
"ROBBERY",Feb 2010,722,2010,"Feb"
"ASSAULT",Mar 2010,1898,2010,"Mar"
"BURGLARY",Mar 2010,1988,2010,"Mar"
"CRIMINAL TRESPASS",Mar 2010,919,2010,"Mar"
"MOTOR VEHICLE THEFT",Mar 2010,1347,2010,"Mar"
"NARCOTICS",Mar 2010,4390,2010,"Mar"
"ROBBERY",Mar 2010,1003,2010,"Mar"
"ASSAULT",Apr 2010,1969,2010,"Apr"
"BURGLARY",Apr 2010,1991,2010,"Apr"
"CRIMINAL TRESPASS",Apr 2010,757,2010,"Apr"
"MOTOR VEHICLE THEFT",Apr 2010,1455,2010,"Apr"
"NARCOTICS",Apr 2010,3785,2010,"Apr"
"ROBBERY",Apr 2010,1121,2010,"Apr"
"ASSAULT",May 2010,2087,2010,"May"
"BURGLARY",May 2010,2245,2010,"May"
"CRIMINAL TRESPASS",May 2010,789,2010,"May"
"MOTOR VEHICLE THEFT",May 2010,1689,2010,"May"
"NARCOTICS",May 2010,3668,2010,"May"
"ROBBERY",May 2010,1186,2010,"May"
"ASSAULT",Jun 2010,2030,2010,"Jun"
"BURGLARY",Jun 2010,2245,2010,"Jun"
"CRIMINAL TRESPASS",Jun 2010,749,2010,"Jun"
"MOTOR VEHICLE THEFT",Jun 2010,1504,2010,"Jun"
"NARCOTICS",Jun 2010,3337,2010,"Jun"
"ROBBERY",Jun 2010,1223,2010,"Jun"
"ASSAULT",Jul 2010,2043,2010,"Jul"
"BURGLARY",Jul 2010,2317,2010,"Jul"
"CRIMINAL TRESPASS",Jul 2010,765,2010,"Jul"
"MOTOR VEHICLE THEFT",Jul 2010,1566,2010,"Jul"
"NARCOTICS",Jul 2010,3505,2010,"Jul"
"ROBBERY",Jul 2010,1309,2010,"Jul"
"ASSAULT",Aug 2010,2010,2010,"Aug"
"BURGLARY",Aug 2010,2704,2010,"Aug"
"CRIMINAL TRESPASS",Aug 2010,827,2010,"Aug"
"MOTOR VEHICLE THEFT",Aug 2010,1679,2010,"Aug"
"NARCOTICS",Aug 2010,3663,2010,"Aug"
"ROBBERY",Aug 2010,1315,2010,"Aug"
"ASSAULT",Sep 2010,1878,2010,"Sep"
"BURGLARY",Sep 2010,2434,2010,"Sep"
"CRIMINAL TRESPASS",Sep 2010,773,2010,"Sep"
"MOTOR VEHICLE THEFT",Sep 2010,1764,2010,"Sep"
"NARCOTICS",Sep 2010,3614,2010,"Sep"
"ROBBERY",Sep 2010,1258,2010,"Sep"
"ASSAULT",Oct 2010,1839,2010,"Oct"
"BURGLARY",Oct 2010,2485,2010,"Oct"
"CRIMINAL TRESPASS",Oct 2010,797,2010,"Oct"
"MOTOR VEHICLE THEFT",Oct 2010,1786,2010,"Oct"
"NARCOTICS",Oct 2010,3514,2010,"Oct"
"ROBBERY",Oct 2010,1463,2010,"Oct"
"ASSAULT",Nov 2010,1528,2010,"Nov"
"BURGLARY",Nov 2010,2369,2010,"Nov"
"CRIMINAL TRESPASS",Nov 2010,738,2010,"Nov"
"MOTOR VEHICLE THEFT",Nov 2010,1695,2010,"Nov"
"NARCOTICS",Nov 2010,3235,2010,"Nov"
"ROBBERY",Nov 2010,1236,2010,"Nov"
"ASSAULT",Dec 2010,1267,2010,"Dec"
"BURGLARY",Dec 2010,2124,2010,"Dec"
"CRIMINAL TRESPASS",Dec 2010,585,2010,"Dec"
"MOTOR VEHICLE THEFT",Dec 2010,1880,2010,"Dec"
"NARCOTICS",Dec 2010,2780,2010,"Dec"
"ROBBERY",Dec 2010,1170,2010,"Dec"
"ASSAULT",Jan 2011,1388,2011,"Jan"
"BURGLARY",Jan 2011,1954,2011,"Jan"
"CRIMINAL TRESPASS",Jan 2011,722,2011,"Jan"
"MOTOR VEHICLE THEFT",Jan 2011,1862,2011,"Jan"
"NARCOTICS",Jan 2011,3453,2011,"Jan"
"ROBBERY",Jan 2011,1105,2011,"Jan"
"ASSAULT",Feb 2011,1284,2011,"Feb"
"BURGLARY",Feb 2011,1427,2011,"Feb"
"CRIMINAL TRESPASS",Feb 2011,612,2011,"Feb"
"MOTOR VEHICLE THEFT",Feb 2011,1295,2011,"Feb"
"NARCOTICS",Feb 2011,2892,2011,"Feb"
"ROBBERY",Feb 2011,757,2011,"Feb"
"ASSAULT",Mar 2011,1666,2011,"Mar"
"BURGLARY",Mar 2011,1836,2011,"Mar"
"CRIMINAL TRESPASS",Mar 2011,759,2011,"Mar"
"MOTOR VEHICLE THEFT",Mar 2011,1638,2011,"Mar"
"NARCOTICS",Mar 2011,3747,2011,"Mar"
"ROBBERY",Mar 2011,954,2011,"Mar"
"ASSAULT",Apr 2011,1793,2011,"Apr"
"BURGLARY",Apr 2011,2044,2011,"Apr"
"CRIMINAL TRESPASS",Apr 2011,714,2011,"Apr"
"MOTOR VEHICLE THEFT",Apr 2011,1701,2011,"Apr"
"NARCOTICS",Apr 2011,3191,2011,"Apr"
"ROBBERY",Apr 2011,1008,2011,"Apr"
"ASSAULT",May 2011,1951,2011,"May"
"BURGLARY",May 2011,2468,2011,"May"
"CRIMINAL TRESPASS",May 2011,781,2011,"May"
"MOTOR VEHICLE THEFT",May 2011,1807,2011,"May"
"NARCOTICS",May 2011,3042,2011,"May"
"ROBBERY",May 2011,1246,2011,"May"
"ASSAULT",Jun 2011,1966,2011,"Jun"
"BURGLARY",Jun 2011,2414,2011,"Jun"
"CRIMINAL TRESPASS",Jun 2011,778,2011,"Jun"
"MOTOR VEHICLE THEFT",Jun 2011,1807,2011,"Jun"
"NARCOTICS",Jun 2011,3173,2011,"Jun"
"ROBBERY",Jun 2011,1179,2011,"Jun"
"ASSAULT",Jul 2011,2028,2011,"Jul"
"BURGLARY",Jul 2011,2398,2011,"Jul"
"CRIMINAL TRESPASS",Jul 2011,770,2011,"Jul"
"MOTOR VEHICLE THEFT",Jul 2011,1761,2011,"Jul"
"NARCOTICS",Jul 2011,3335,2011,"Jul"
"ROBBERY",Jul 2011,1279,2011,"Jul"
"ASSAULT",Aug 2011,1957,2011,"Aug"
"BURGLARY",Aug 2011,2612,2011,"Aug"
"CRIMINAL TRESPASS",Aug 2011,793,2011,"Aug"
"MOTOR VEHICLE THEFT",Aug 2011,1575,2011,"Aug"
"NARCOTICS",Aug 2011,3526,2011,"Aug"
"ROBBERY",Aug 2011,1329,2011,"Aug"
"ASSAULT",Sep 2011,1800,2011,"Sep"
"BURGLARY",Sep 2011,2514,2011,"Sep"
"CRIMINAL TRESPASS",Sep 2011,742,2011,"Sep"
"MOTOR VEHICLE THEFT",Sep 2011,1436,2011,"Sep"
"NARCOTICS",Sep 2011,3275,2011,"Sep"
"ROBBERY",Sep 2011,1278,2011,"Sep"
"ASSAULT",Oct 2011,1708,2011,"Oct"
"BURGLARY",Oct 2011,2459,2011,"Oct"
"CRIMINAL TRESPASS",Oct 2011,746,2011,"Oct"
"MOTOR VEHICLE THEFT",Oct 2011,1487,2011,"Oct"
"NARCOTICS",Oct 2011,2976,2011,"Oct"
"ROBBERY",Oct 2011,1400,2011,"Oct"
"ASSAULT",Nov 2011,1455,2011,"Nov"
"BURGLARY",Nov 2011,2293,2011,"Nov"
"CRIMINAL TRESPASS",Nov 2011,622,2011,"Nov"
"MOTOR VEHICLE THEFT",Nov 2011,1509,2011,"Nov"
"NARCOTICS",Nov 2011,3037,2011,"Nov"
"ROBBERY",Nov 2011,1215,2011,"Nov"
"ASSAULT",Dec 2011,1408,2011,"Dec"
"BURGLARY",Dec 2011,2196,2011,"Dec"
"CRIMINAL TRESPASS",Dec 2011,618,2011,"Dec"
"MOTOR VEHICLE THEFT",Dec 2011,1503,2011,"Dec"
"NARCOTICS",Dec 2011,2915,2011,"Dec"
"ROBBERY",Dec 2011,1227,2011,"Dec"
"ASSAULT",Jan 2012,1294,2012,"Jan"
"BURGLARY",Jan 2012,1757,2012,"Jan"
"CRIMINAL TRESPASS",Jan 2012,662,2012,"Jan"
"MOTOR VEHICLE THEFT",Jan 2012,1439,2012,"Jan"
"NARCOTICS",Jan 2012,3268,2012,"Jan"
"ROBBERY",Jan 2012,1011,2012,"Jan"
"ASSAULT",Feb 2012,1323,2012,"Feb"
"BURGLARY",Feb 2012,1396,2012,"Feb"
"CRIMINAL TRESPASS",Feb 2012,698,2012,"Feb"
"MOTOR VEHICLE THEFT",Feb 2012,1150,2012,"Feb"
"NARCOTICS",Feb 2012,3579,2012,"Feb"
"ROBBERY",Feb 2012,695,2012,"Feb"
"ASSAULT",Mar 2012,1856,2012,"Mar"
"BURGLARY",Mar 2012,1638,2012,"Mar"
"CRIMINAL TRESPASS",Mar 2012,686,2012,"Mar"
"MOTOR VEHICLE THEFT",Mar 2012,1353,2012,"Mar"
"NARCOTICS",Mar 2012,3541,2012,"Mar"
"ROBBERY",Mar 2012,845,2012,"Mar"
"ASSAULT",Apr 2012,1626,2012,"Apr"
"BURGLARY",Apr 2012,1646,2012,"Apr"
"CRIMINAL TRESPASS",Apr 2012,677,2012,"Apr"
"MOTOR VEHICLE THEFT",Apr 2012,1334,2012,"Apr"
"NARCOTICS",Apr 2012,3025,2012,"Apr"
"ROBBERY",Apr 2012,975,2012,"Apr"
"ASSAULT",May 2012,1927,2012,"May"
"BURGLARY",May 2012,1924,2012,"May"
"CRIMINAL TRESPASS",May 2012,706,2012,"May"
"MOTOR VEHICLE THEFT",May 2012,1465,2012,"May"
"NARCOTICS",May 2012,3066,2012,"May"
"ROBBERY",May 2012,1267,2012,"May"
"ASSAULT",Jun 2012,1896,2012,"Jun"
"BURGLARY",Jun 2012,2063,2012,"Jun"
"CRIMINAL TRESPASS",Jun 2012,658,2012,"Jun"
"MOTOR VEHICLE THEFT",Jun 2012,1467,2012,"Jun"
"NARCOTICS",Jun 2012,3059,2012,"Jun"
"ROBBERY",Jun 2012,1282,2012,"Jun"
"ASSAULT",Jul 2012,1929,2012,"Jul"
"BURGLARY",Jul 2012,2276,2012,"Jul"
"CRIMINAL TRESPASS",Jul 2012,772,2012,"Jul"
"MOTOR VEHICLE THEFT",Jul 2012,1422,2012,"Jul"
"NARCOTICS",Jul 2012,3222,2012,"Jul"
"ROBBERY",Jul 2012,1332,2012,"Jul"
"ASSAULT",Aug 2012,1889,2012,"Aug"
"BURGLARY",Aug 2012,2219,2012,"Aug"
"CRIMINAL TRESPASS",Aug 2012,770,2012,"Aug"
"MOTOR VEHICLE THEFT",Aug 2012,1346,2012,"Aug"
"NARCOTICS",Aug 2012,2660,2012,"Aug"
"ROBBERY",Aug 2012,1272,2012,"Aug"
"ASSAULT",Sep 2012,1634,2012,"Sep"
"BURGLARY",Sep 2012,1991,2012,"Sep"
"CRIMINAL TRESPASS",Sep 2012,703,2012,"Sep"
"MOTOR VEHICLE THEFT",Sep 2012,1305,2012,"Sep"
"NARCOTICS",Sep 2012,2611,2012,"Sep"
"ROBBERY",Sep 2012,1168,2012,"Sep"
"ASSAULT",Oct 2012,1728,2012,"Oct"
"BURGLARY",Oct 2012,2128,2012,"Oct"
"CRIMINAL TRESPASS",Oct 2012,700,2012,"Oct"
"MOTOR VEHICLE THEFT",Oct 2012,1376,2012,"Oct"
"NARCOTICS",Oct 2012,2562,2012,"Oct"
"ROBBERY",Oct 2012,1232,2012,"Oct"
"ASSAULT",Nov 2012,1404,2012,"Nov"
"BURGLARY",Nov 2012,1992,2012,"Nov"
"CRIMINAL TRESPASS",Nov 2012,599,2012,"Nov"
"MOTOR VEHICLE THEFT",Nov 2012,1414,2012,"Nov"
"NARCOTICS",Nov 2012,2442,2012,"Nov"
"ROBBERY",Nov 2012,1211,2012,"Nov"
"ASSAULT",Dec 2012,1388,2012,"Dec"
"BURGLARY",Dec 2012,1807,2012,"Dec"
"CRIMINAL TRESPASS",Dec 2012,584,2012,"Dec"
"MOTOR VEHICLE THEFT",Dec 2012,1412,2012,"Dec"
"NARCOTICS",Dec 2012,2435,2012,"Dec"
"ROBBERY",Dec 2012,1193,2012,"Dec"
"ASSAULT",Jan 2013,1395,2013,"Jan"
"BURGLARY",Jan 2013,1584,2013,"Jan"
"CRIMINAL TRESPASS",Jan 2013,740,2013,"Jan"
"MOTOR VEHICLE THEFT",Jan 2013,1469,2013,"Jan"
"NARCOTICS",Jan 2013,2935,2013,"Jan"
"ROBBERY",Jan 2013,1094,2013,"Jan"
"ASSAULT",Feb 2013,1181,2013,"Feb"
"BURGLARY",Feb 2013,1171,2013,"Feb"
"CRIMINAL TRESPASS",Feb 2013,656,2013,"Feb"
"MOTOR VEHICLE THEFT",Feb 2013,1247,2013,"Feb"
"NARCOTICS",Feb 2013,2831,2013,"Feb"
"ROBBERY",Feb 2013,731,2013,"Feb"
"ASSAULT",Mar 2013,1415,2013,"Mar"
"BURGLARY",Mar 2013,1247,2013,"Mar"
"CRIMINAL TRESPASS",Mar 2013,699,2013,"Mar"
"MOTOR VEHICLE THEFT",Mar 2013,1087,2013,"Mar"
"NARCOTICS",Mar 2013,3296,2013,"Mar"
"ROBBERY",Mar 2013,772,2013,"Mar"
"ASSAULT",Apr 2013,1611,2013,"Apr"
"BURGLARY",Apr 2013,1366,2013,"Apr"
"CRIMINAL TRESPASS",Apr 2013,713,2013,"Apr"
"MOTOR VEHICLE THEFT",Apr 2013,926,2013,"Apr"
"NARCOTICS",Apr 2013,2971,2013,"Apr"
"ROBBERY",Apr 2013,849,2013,"Apr"
"ASSAULT",May 2013,1843,2013,"May"
"BURGLARY",May 2013,1560,2013,"May"
"CRIMINAL TRESPASS",May 2013,729,2013,"May"
"MOTOR VEHICLE THEFT",May 2013,960,2013,"May"
"NARCOTICS",May 2013,3076,2013,"May"
"ROBBERY",May 2013,976,2013,"May"
"ASSAULT",Jun 2013,1758,2013,"Jun"
"BURGLARY",Jun 2013,1475,2013,"Jun"
"CRIMINAL TRESPASS",Jun 2013,683,2013,"Jun"
"MOTOR VEHICLE THEFT",Jun 2013,1037,2013,"Jun"
"NARCOTICS",Jun 2013,2671,2013,"Jun"
"ROBBERY",Jun 2013,990,2013,"Jun"
"ASSAULT",Jul 2013,1633,2013,"Jul"
"BURGLARY",Jul 2013,1564,2013,"Jul"
"CRIMINAL TRESPASS",Jul 2013,680,2013,"Jul"
"MOTOR VEHICLE THEFT",Jul 2013,1034,2013,"Jul"
"NARCOTICS",Jul 2013,2973,2013,"Jul"
"ROBBERY",Jul 2013,1224,2013,"Jul"
"ASSAULT",Aug 2013,1608,2013,"Aug"
"BURGLARY",Aug 2013,1766,2013,"Aug"
"CRIMINAL TRESPASS",Aug 2013,778,2013,"Aug"
"MOTOR VEHICLE THEFT",Aug 2013,1028,2013,"Aug"
"NARCOTICS",Aug 2013,3018,2013,"Aug"
"ROBBERY",Aug 2013,1110,2013,"Aug"
"ASSAULT",Sep 2013,1609,2013,"Sep"
"BURGLARY",Sep 2013,1633,2013,"Sep"
"CRIMINAL TRESPASS",Sep 2013,633,2013,"Sep"
"MOTOR VEHICLE THEFT",Sep 2013,951,2013,"Sep"
"NARCOTICS",Sep 2013,2643,2013,"Sep"
"ROBBERY",Sep 2013,1077,2013,"Sep"
"ASSAULT",Oct 2013,1509,2013,"Oct"
"BURGLARY",Oct 2013,1597,2013,"Oct"
"CRIMINAL TRESPASS",Oct 2013,680,2013,"Oct"
"MOTOR VEHICLE THEFT",Oct 2013,919,2013,"Oct"
"NARCOTICS",Oct 2013,2720,2013,"Oct"
"ROBBERY",Oct 2013,991,2013,"Oct"
"ASSAULT",Nov 2013,1247,2013,"Nov"
"BURGLARY",Nov 2013,1467,2013,"Nov"
"CRIMINAL TRESPASS",Nov 2013,611,2013,"Nov"
"MOTOR VEHICLE THEFT",Nov 2013,886,2013,"Nov"
"NARCOTICS",Nov 2013,2729,2013,"Nov"
"ROBBERY",Nov 2013,919,2013,"Nov"
"ASSAULT",Dec 2013,1116,2013,"Dec"
"BURGLARY",Dec 2013,1395,2013,"Dec"
"CRIMINAL TRESPASS",Dec 2013,528,2013,"Dec"
"MOTOR VEHICLE THEFT",Dec 2013,988,2013,"Dec"
"NARCOTICS",Dec 2013,2221,2013,"Dec"
"ROBBERY",Dec 2013,1053,2013,"Dec"
"ASSAULT",Jan 2014,1036,2014,"Jan"
"BURGLARY",Jan 2014,1134,2014,"Jan"
"CRIMINAL TRESPASS",Jan 2014,575,2014,"Jan"
"MOTOR VEHICLE THEFT",Jan 2014,805,2014,"Jan"
"NARCOTICS",Jan 2014,2222,2014,"Jan"
"ROBBERY",Jan 2014,797,2014,"Jan"
"ASSAULT",Feb 2014,1022,2014,"Feb"
"BURGLARY",Feb 2014,889,2014,"Feb"
"CRIMINAL TRESPASS",Feb 2014,536,2014,"Feb"
"MOTOR VEHICLE THEFT",Feb 2014,680,2014,"Feb"
"NARCOTICS",Feb 2014,2353,2014,"Feb"
"ROBBERY",Feb 2014,555,2014,"Feb"
"ASSAULT",Mar 2014,1386,2014,"Mar"
"BURGLARY",Mar 2014,1050,2014,"Mar"
"CRIMINAL TRESPASS",Mar 2014,702,2014,"Mar"
"MOTOR VEHICLE THEFT",Mar 2014,907,2014,"Mar"
"NARCOTICS",Mar 2014,2633,2014,"Mar"
"ROBBERY",Mar 2014,621,2014,"Mar"
"ASSAULT",Apr 2014,1393,2014,"Apr"
"BURGLARY",Apr 2014,1095,2014,"Apr"
"CRIMINAL TRESPASS",Apr 2014,638,2014,"Apr"
"MOTOR VEHICLE THEFT",Apr 2014,695,2014,"Apr"
"NARCOTICS",Apr 2014,2604,2014,"Apr"
"ROBBERY",Apr 2014,718,2014,"Apr"
"ASSAULT",May 2014,1642,2014,"May"
"BURGLARY",May 2014,1188,2014,"May"
"CRIMINAL TRESPASS",May 2014,646,2014,"May"
"MOTOR VEHICLE THEFT",May 2014,717,2014,"May"
"NARCOTICS",May 2014,2606,2014,"May"
"ROBBERY",May 2014,821,2014,"May"
"ASSAULT",Jun 2014,1644,2014,"Jun"
"BURGLARY",Jun 2014,1215,2014,"Jun"
"CRIMINAL TRESPASS",Jun 2014,676,2014,"Jun"
"MOTOR VEHICLE THEFT",Jun 2014,896,2014,"Jun"
"NARCOTICS",Jun 2014,2422,2014,"Jun"
"ROBBERY",Jun 2014,842,2014,"Jun"
"ASSAULT",Jul 2014,1605,2014,"Jul"
"BURGLARY",Jul 2014,1362,2014,"Jul"
"CRIMINAL TRESPASS",Jul 2014,704,2014,"Jul"
"MOTOR VEHICLE THEFT",Jul 2014,908,2014,"Jul"
"NARCOTICS",Jul 2014,2713,2014,"Jul"
"ROBBERY",Jul 2014,907,2014,"Jul"
"ASSAULT",Aug 2014,1584,2014,"Aug"
"BURGLARY",Aug 2014,1354,2014,"Aug"
"CRIMINAL TRESPASS",Aug 2014,672,2014,"Aug"
"MOTOR VEHICLE THEFT",Aug 2014,852,2014,"Aug"
"NARCOTICS",Aug 2014,2551,2014,"Aug"
"ROBBERY",Aug 2014,867,2014,"Aug"
"ASSAULT",Sep 2014,1543,2014,"Sep"
"BURGLARY",Sep 2014,1280,2014,"Sep"
"CRIMINAL TRESPASS",Sep 2014,597,2014,"Sep"
"MOTOR VEHICLE THEFT",Sep 2014,849,2014,"Sep"
"NARCOTICS",Sep 2014,2243,2014,"Sep"
"ROBBERY",Sep 2014,856,2014,"Sep"
"ASSAULT",Oct 2014,1475,2014,"Oct"
"BURGLARY",Oct 2014,1328,2014,"Oct"
"CRIMINAL TRESPASS",Oct 2014,674,2014,"Oct"
"MOTOR VEHICLE THEFT",Oct 2014,903,2014,"Oct"
"NARCOTICS",Oct 2014,2170,2014,"Oct"
"ROBBERY",Oct 2014,938,2014,"Oct"
"ASSAULT",Nov 2014,1130,2014,"Nov"
"BURGLARY",Nov 2014,1103,2014,"Nov"
"CRIMINAL TRESPASS",Nov 2014,552,2014,"Nov"
"MOTOR VEHICLE THEFT",Nov 2014,835,2014,"Nov"
"NARCOTICS",Nov 2014,1935,2014,"Nov"
"ROBBERY",Nov 2014,783,2014,"Nov"
"ASSAULT",Dec 2014,1209,2014,"Dec"
"BURGLARY",Dec 2014,1314,2014,"Dec"
"CRIMINAL TRESPASS",Dec 2014,523,2014,"Dec"
"MOTOR VEHICLE THEFT",Dec 2014,748,2014,"Dec"
"NARCOTICS",Dec 2014,1659,2014,"Dec"
"ROBBERY",Dec 2014,943,2014,"Dec"
"ASSAULT",Jan 2015,1205,2015,"Jan"
"BURGLARY",Jan 2015,1047,2015,"Jan"
"CRIMINAL TRESPASS",Jan 2015,572,2015,"Jan"
"MOTOR VEHICLE THEFT",Jan 2015,820,2015,"Jan"
"NARCOTICS",Jan 2015,2311,2015,"Jan"
"ROBBERY",Jan 2015,777,2015,"Jan"
"ASSAULT",Feb 2015,1066,2015,"Feb"
"BURGLARY",Feb 2015,644,2015,"Feb"
"CRIMINAL TRESPASS",Feb 2015,438,2015,"Feb"
"MOTOR VEHICLE THEFT",Feb 2015,619,2015,"Feb"
"NARCOTICS",Feb 2015,1956,2015,"Feb"
"ROBBERY",Feb 2015,450,2015,"Feb"
"ASSAULT",Mar 2015,1418,2015,"Mar"
"BURGLARY",Mar 2015,833,2015,"Mar"
"CRIMINAL TRESPASS",Mar 2015,581,2015,"Mar"
"MOTOR VEHICLE THEFT",Mar 2015,778,2015,"Mar"
"NARCOTICS",Mar 2015,2429,2015,"Mar"
"ROBBERY",Mar 2015,601,2015,"Mar"
"ASSAULT",Apr 2015,1391,2015,"Apr"
"BURGLARY",Apr 2015,916,2015,"Apr"
"CRIMINAL TRESPASS",Apr 2015,574,2015,"Apr"
"MOTOR VEHICLE THEFT",Apr 2015,722,2015,"Apr"
"NARCOTICS",Apr 2015,2064,2015,"Apr"
"ROBBERY",Apr 2015,673,2015,"Apr"
"ASSAULT",May 2015,1661,2015,"May"
"BURGLARY",May 2015,1063,2015,"May"
"CRIMINAL TRESPASS",May 2015,558,2015,"May"
"MOTOR VEHICLE THEFT",May 2015,847,2015,"May"
"NARCOTICS",May 2015,1950,2015,"May"
"ROBBERY",May 2015,725,2015,"May"
"ASSAULT",Jun 2015,1587,2015,"Jun"
"BURGLARY",Jun 2015,1129,2015,"Jun"
"CRIMINAL TRESPASS",Jun 2015,607,2015,"Jun"
"MOTOR VEHICLE THEFT",Jun 2015,906,2015,"Jun"
"NARCOTICS",Jun 2015,1802,2015,"Jun"
"ROBBERY",Jun 2015,768,2015,"Jun"
"ASSAULT",Jul 2015,1593,2015,"Jul"
"BURGLARY",Jul 2015,1156,2015,"Jul"
"CRIMINAL TRESPASS",Jul 2015,540,2015,"Jul"
"MOTOR VEHICLE THEFT",Jul 2015,892,2015,"Jul"
"NARCOTICS",Jul 2015,1830,2015,"Jul"
"ROBBERY",Jul 2015,916,2015,"Jul"
"ASSAULT",Aug 2015,1591,2015,"Aug"
"BURGLARY",Aug 2015,1250,2015,"Aug"
"CRIMINAL TRESPASS",Aug 2015,577,2015,"Aug"
"MOTOR VEHICLE THEFT",Aug 2015,966,2015,"Aug"
"NARCOTICS",Aug 2015,1971,2015,"Aug"
"ROBBERY",Aug 2015,930,2015,"Aug"
"ASSAULT",Sep 2015,1527,2015,"Sep"
"BURGLARY",Sep 2015,1181,2015,"Sep"
"CRIMINAL TRESPASS",Sep 2015,485,2015,"Sep"
"MOTOR VEHICLE THEFT",Sep 2015,865,2015,"Sep"
"NARCOTICS",Sep 2015,1888,2015,"Sep"
"ROBBERY",Sep 2015,929,2015,"Sep"
"ASSAULT",Oct 2015,1423,2015,"Oct"
"BURGLARY",Oct 2015,1296,2015,"Oct"
"CRIMINAL TRESPASS",Oct 2015,524,2015,"Oct"
"MOTOR VEHICLE THEFT",Oct 2015,841,2015,"Oct"
"NARCOTICS",Oct 2015,1911,2015,"Oct"
"ROBBERY",Oct 2015,955,2015,"Oct"
"ASSAULT",Nov 2015,1250,2015,"Nov"
"BURGLARY",Nov 2015,1215,2015,"Nov"
"CRIMINAL TRESPASS",Nov 2015,488,2015,"Nov"
"MOTOR VEHICLE THEFT",Nov 2015,863,2015,"Nov"
"NARCOTICS",Nov 2015,1601,2015,"Nov"
"ROBBERY",Nov 2015,819,2015,"Nov"
"ASSAULT",Dec 2015,1233,2015,"Dec"
"BURGLARY",Dec 2015,1355,2015,"Dec"
"CRIMINAL TRESPASS",Dec 2015,439,2015,"Dec"
"MOTOR VEHICLE THEFT",Dec 2015,912,2015,"Dec"
"NARCOTICS",Dec 2015,1126,2015,"Dec"
"ROBBERY",Dec 2015,1026,2015,"Dec"
"ASSAULT",Jan 2016,1193,2016,"Jan"
"BURGLARY",Jan 2016,1136,2016,"Jan"
"CRIMINAL TRESPASS",Jan 2016,456,2016,"Jan"
"MOTOR VEHICLE THEFT",Jan 2016,959,2016,"Jan"
"NARCOTICS",Jan 2016,861,2016,"Jan"
"ROBBERY",Jan 2016,1019,2016,"Jan"
"ASSAULT",Feb 2016,1165,2016,"Feb"
"BURGLARY",Feb 2016,781,2016,"Feb"
"CRIMINAL TRESPASS",Feb 2016,429,2016,"Feb"
"MOTOR VEHICLE THEFT",Feb 2016,801,2016,"Feb"
"NARCOTICS",Feb 2016,1040,2016,"Feb"
"ROBBERY",Feb 2016,674,2016,"Feb"
"ASSAULT",Mar 2016,1455,2016,"Mar"
"BURGLARY",Mar 2016,898,2016,"Mar"
"CRIMINAL TRESPASS",Mar 2016,481,2016,"Mar"
"MOTOR VEHICLE THEFT",Mar 2016,720,2016,"Mar"
"NARCOTICS",Mar 2016,1175,2016,"Mar"
"ROBBERY",Mar 2016,679,2016,"Mar"
"ASSAULT",Apr 2016,1368,2016,"Apr"
"BURGLARY",Apr 2016,860,2016,"Apr"
"CRIMINAL TRESPASS",Apr 2016,487,2016,"Apr"
"MOTOR VEHICLE THEFT",Apr 2016,702,2016,"Apr"
"NARCOTICS",Apr 2016,1198,2016,"Apr"
"ROBBERY",Apr 2016,720,2016,"Apr"
"ASSAULT",May 2016,1767,2016,"May"
"BURGLARY",May 2016,1086,2016,"May"
"CRIMINAL TRESPASS",May 2016,580,2016,"May"
"MOTOR VEHICLE THEFT",May 2016,800,2016,"May"
"NARCOTICS",May 2016,1171,2016,"May"
"ROBBERY",May 2016,955,2016,"May"
"ASSAULT",Jun 2016,1793,2016,"Jun"
"BURGLARY",Jun 2016,1053,2016,"Jun"
"CRIMINAL TRESPASS",Jun 2016,583,2016,"Jun"
"MOTOR VEHICLE THEFT",Jun 2016,906,2016,"Jun"
"NARCOTICS",Jun 2016,1073,2016,"Jun"
"ROBBERY",Jun 2016,897,2016,"Jun"
"ASSAULT",Jul 2016,1675,2016,"Jul"
"BURGLARY",Jul 2016,1309,2016,"Jul"
"CRIMINAL TRESPASS",Jul 2016,560,2016,"Jul"
"MOTOR VEHICLE THEFT",Jul 2016,1006,2016,"Jul"
"NARCOTICS",Jul 2016,1022,2016,"Jul"
"ROBBERY",Jul 2016,1100,2016,"Jul"
"ASSAULT",Aug 2016,1726,2016,"Aug"
"BURGLARY",Aug 2016,1317,2016,"Aug"
"CRIMINAL TRESPASS",Aug 2016,573,2016,"Aug"
"MOTOR VEHICLE THEFT",Aug 2016,997,2016,"Aug"
"NARCOTICS",Aug 2016,681,2016,"Aug"
"ROBBERY",Aug 2016,1222,2016,"Aug"
"ASSAULT",Sep 2016,1665,2016,"Sep"
"BURGLARY",Sep 2016,1330,2016,"Sep"
"CRIMINAL TRESPASS",Sep 2016,568,2016,"Sep"
"MOTOR VEHICLE THEFT",Sep 2016,968,2016,"Sep"
"NARCOTICS",Sep 2016,694,2016,"Sep"
"ROBBERY",Sep 2016,1013,2016,"Sep"
"ASSAULT",Oct 2016,1638,2016,"Oct"
"BURGLARY",Oct 2016,1277,2016,"Oct"
"CRIMINAL TRESPASS",Oct 2016,545,2016,"Oct"
"MOTOR VEHICLE THEFT",Oct 2016,981,2016,"Oct"
"NARCOTICS",Oct 2016,625,2016,"Oct"
"ROBBERY",Oct 2016,1125,2016,"Oct"
"ASSAULT",Nov 2016,1394,2016,"Nov"
"BURGLARY",Nov 2016,1325,2016,"Nov"
"CRIMINAL TRESPASS",Nov 2016,481,2016,"Nov"
"MOTOR VEHICLE THEFT",Nov 2016,975,2016,"Nov"
"NARCOTICS",Nov 2016,578,2016,"Nov"
"ROBBERY",Nov 2016,1132,2016,"Nov"
"ASSAULT",Dec 2016,1236,2016,"Dec"
"BURGLARY",Dec 2016,1247,2016,"Dec"
"CRIMINAL TRESPASS",Dec 2016,461,2016,"Dec"
"MOTOR VEHICLE THEFT",Dec 2016,1087,2016,"Dec"
"NARCOTICS",Dec 2016,544,2016,"Dec"
"ROBBERY",Dec 2016,1070,2016,"Dec"
